{
    "rmse": 0.5221474775887375,
    "mae": 0.22900680871690177,
    "r2": 0.3949748916805219
}